{
    "accuracy": 0.944403803950256,
    "precision": 0.8607594936708861,
    "recall": 0.7157894736842105,
    "auc": 0.9290703393999016
}